Rang;Type de document;Nombre de recherches;Titre;Auteur
1;Nouveauté;618;Rien ne s'oppose à la nuit : roman;Vigan, Delphine de
2;Livre ado;558;Hunger games [Texte imprimé];Collins, Suzanne
3;Nouveauté;519;La couleur des sentiments;Stockett, Kathryn
4;Livre ado;371;L'embrasement;Collins, Suzanne
5;Nouveauté;363;Limonov;Carrère, Emmanuel
6;Nouveauté;329;1Q84. 1. Avril-juin;Murakami, Haruki
7;Nouveauté;322;1Q84. 3. Octobre-décembre;Murakami, Haruki
8;Livre ado;311;La révolte;Collins, Suzanne
9;Livre adulte;301;La liste de mes envies;Delacourt, Grégoire
10;Nouveauté;261;1Q84. 2. Juillet-septembre;Murakami, Haruki
11;Livre adulte;239;La reine dans le palais des courants d'air [Texte imprimé];Larsson, Stieg
12;;229;Le sermon sur la chute de Rome;Ferrari, Jérôme
13;;220;Journal d'un corps;Pennac, Daniel
14;Livre adulte;196;La vérité sur l'affaire Harry Quebert : roman;Dicker, Joël
15;Nouveauté;189;Le vieux qui ne voulait pas fêter son anniversaire : roman;Jonasson, Jonas
16;Nouveauté;189;Dans les forêts de Sibérie : février-juillet 2010;Tesson, Sylvain
17;Livre adulte;181;L'art français de la guerre [Texte imprimé];Jenni, Alexis
18;Nouveauté;173;Métronome [Texte imprimé] : l'histoire de France au rythme du métro parisien;Deutsch, Lorant
19;Livre adulte;169;Demeures de la nuit : nouvelles;Astruc, Jacques
20;Bande dessinée adulte;167;Quai d'Orsay : chroniques diplomatiques. 1;Blain, Christophe
21;Livre adulte;164;7 ans après...;Musso, Guillaume
22;;161;Le grand Coeur [Texte imprimé] : roman;Rufin, Jean-Christophe
23;;158;Méditer, jour après jour : 25 leçons pour vivre en pleine conscience;André, Christophe
24;Nouveauté musique;155;21 [Enregistrement sonore];Adele
25;Nouveauté;148;Strip Hotel;Astruc, Jacques
26;;147;Chroniques de Jérusalem;Delisle, Guy
27;;146;Peste & choléra : roman;Deville, Patrick
28;Nouveauté;143;Du domaine des murmures;Martinez, Carole
29;Livre adulte;142;La délicatesse : roman;Foenkinos, David
30;;135;Une année studieuse;Wiazemsky, Anne
31;;127;L'appel de l'ange : roman;Musso, Guillaume
32;;127;Quai d'Orsay : chroniques diplomatiques. 2;Lanzac, Abel
33;Nouveauté;127;Les lisières;Adam, Olivier
34;Livre jeunesse;126;Une soupe au caillou [Texte imprimé];Vaugelade, Anaïs
35;;125;Cinquante nuances de Grey : roman;James, E. L.
36;Livre adulte;124;Une femme fuyant l'annonce : roman;Grossman, David
37;;123;La sirène;Läckberg, Camilla
38;Livre adulte;121;No et moi [Texte imprimé] : roman;Vigan, Delphine de
39;Revue adulte;121;Que choisir ? [texte imprimé];
40;;120;Freedom;Franzen, Jonathan
41;Livre adulte;119;Femmes de dictateur;Ducret, Diane
42;;116;L'héritage. 4;Paolini, Christopher
43;Livre adulte;113;Code de la route 2012;
44;;113;Femmes de dictateur [Texte imprimé];Ducret, Diane
45;Nouveauté;112;Si c'était à refaire : roman;Lévy, Marc
46;DVD >  12 ans;111;Drive [Images animées];
47;Livre jeunesse;110;Eragon [Texte imprimé];Paolini, Christopher
48;Livre adulte;109;La fille qui revait d'un bidon d'essence et d'une allumette [Texte imprimé] : roman;Larsson, Stieg
49;Livre adulte;109;Les hommes qui n'aimaient pas les femmes [Texte imprimé] : roman;Larsson, Stieg
50;Nouveauté;107;Cyanure;Läckberg, Camilla
51;Livre adulte;106;Les écureuils de Central Park sont tristes le lundi : roman [Texte imprimé];Pancol, Katherine
52;Bande dessinée adulte;105;Aya de Yopougon. 2 [Texte imprimé];Abouet, Marguerite
53;Livre ado;105;Arizona Max [Texte imprimé] : mission 3;Muchamore, Robert
54;Livre adulte;104;Un héros;Herzog, Félicité
55;Livre ado;102;Eragon [Texte imprimé];Paolini, Christopher
56;Usuels;102;Code civil 2012;
57;;102;Steve Jobs;Isaacson, Walter
58;Livre adulte;101;Rosa candida;Olafsdottir, Audur Ava
59;Nouveauté;101;La carte et le territoire : roman;Houellebecq, Michel
60;;101;La rose écarlate. 7. Tu seras toujours à moi;Lyfoung, Patricia
61;DVD tous publics;100;Les rêves dansants [Images animées] : sur les traces de Pina Bausch;
62;Livre ado;97;Journal d'un vampire [Texte imprimé];Smith, Lisa Jane
63;Livre adulte;97;Code Rousseau de la route, édition 2011 : réforme code 2010;
64;Livre ado;97;Cherub. Mission 1. 100 jours en enfer [Texte imprimé];Muchamore, Robert
65;;96;Cet instant-là;Kennedy, Douglas
66;Revue non empruntable;95;Inazuma eleven. 1;Yabuno, Tenya
67;;95;Ronde séminole;Hoellard, Michel
68;DVD tous publics;94;Le discours d'un roi [Images animées];
69;Livre adulte;94;Claustria : roman;Jauffret, Régis
70;Livre adulte;93;Les heures souterraines : roman;Vigan, Delphine de
71;DVD tous publics;93;Intouchables [Images animées];
72;Bande dessinée adulte;92;Maus [Texte imprimé] : un survivant raconte;Spiegelman, Art
73;Livre adulte;92;Le prince de la brume;Ruiz Zafón, Carlos
74;Bande dessinée jeunesse;91;Seuls. 2. Le maître des couteaux [Texte imprimé];Gazzotti, Bruno
75;Livre ado;91;Trafic [Texte imprimé] : mission 2;Muchamore, Robert
76;Livre jeunesse;91;16 métamorphoses d'Ovide [Texte imprimé];Ovide
77;Livre adulte;91;Les hommes qui n'aimaient pas les femmes [Texte imprimé] : roman;Larsson, Stieg
78;Nouveauté;91;Indignez-vous !;Hessel, Stéphane
79;DVD tous publics;90;Polisse [Images animées];
80;Revue adulte;89;La Recherche [texte imprimé];
81;Bande dessinée jeunesse;89;Aya de Yopougon. 6;Abouet, Marguerite
82;Nouveauté;89;La mort s'invite à Pemberley : roman;James, Phyllis Dorothy
83;Bande dessinée jeunesse;88;Chi, une vie de chat. 1;Konami, K.
84;Nouveauté;88;Les enfants d'Alexandrie;Chandernagor, Françoise
85;Livre adulte;88;Londres : 2012;Gloaguen, Philippe
86;Livre jeunesse;87;Fascination [Texte imprimé];Meyer, Stephenie
87;Livre ado;87;Le journal d'Anne Frank [Texte imprimé];Frank, Anne
88;Livre adulte;87;Karoo : roman;Tesich, Steve
89;Livre adulte;87;Barbe bleue : roman;Nothomb, Amélie
90;Livre adulte;86;L'étranger [Texte imprimé];Camus, Albert
91;CD adulte;86;Cantatas [enregistrement sonore] : intégrale des cantates;Bach, Johann Sebastian
92;Livre adulte;85;L'enfant allemand;Läckberg, Camilla
93;Nouveauté;84;Le siècle;Follett, Ken
94;;84;Veuf;Fournier, Jean-Louis
95;Livre ado;83;Vandales;Muchamore, Robert
96;DVD tous publics;83;Pina [Images animées];
97;Livre adulte;83;Le code Rousseau de la route : édition 2012 : le code Rousseau + 400 questions inédites;
98;CD adulte;83;Born to die [Enregistrement sonore];Del Rey, Lana
99;Nouveauté;83;Les Strauss-Kahn;Bacqué, Raphaëlle
100;Nouveauté;82;Purge;Oksanen, Sofi
101;Livre en gros caractères;82;La couleur des sentiments;Stockett, Kathryn
102;;82;Les Légendaires. 14. L'héritage du mal;Sobral, Patrick
103;Nouveauté;82;Le testament des abeilles;Calestrémé, Natacha
104;DVD tous publics;81;La couleur des sentiments [Images animées];
105;Livre adulte;81;Lointain souvenir de la peau;Banks, Russell
106;Nouveauté;81;Home;Morrison, Toni
107;Livre adulte;81;Certaines n'avaient jamais vu la mer : roman;Otsuka, Julie
108;Livre adulte;80;Kafka sur le rivage [Texte imprimé];Murakami, Haruki
109;Livre jeunesse;80;Journal d'un dégonflé : carnet de bord de Greg Heffley;Kinney, Jeff
110;Nouveauté;80;Le caveau de famille;Mazetti, Katarina
111;CD adulte;79;19 [Enregistrement sonore];Adkins, Adele
112;Bande dessinée adulte;78;Aya de Yopougon. 3 [Texte imprimé];Abouet, Marguerite
113;Livre adulte;78;Artemisia, un duel pour l'immortalité [Texte imprimé];Lapierre, Alexandra
114;Revue adulte;78;L'Express [texte imprimé];
115;Revue adulte;78;Le Nouvel observateur [texte imprimé];
116;Livre adulte;78;Le Cercle littéraire des amateurs d'épluchures de patates [Texte imprimé];Shaffer, Mary Ann
117;Nouveauté;78;Le quai de Ouistreham;Aubenas, Florence
118;Nouveauté;78;Sur la route du papier [Texte imprimé];Orsenna, Erik
119;Livre adulte;77;1984 [Texte imprimé];Orwell, George
120;Livre jeunesse;77;Va-t'en, grand monstre vert ! [Texte imprimé];Emberley, Ed
121;;77;La vague fantôme;Muchamore, Robert
122;;77;L'ordre libertaire : la vie philosophique d'Albert Camus;Onfray, Michel
123;Nouveauté;77;La tristesse du samouraï [Texte imprimé] : roman;Arbol, Victor del
124;DVD >  12 ans;77;Shame [Images animées];
125;Livre jeunesse;76;Le Sceptre maudit [Texte imprimé];Audouin-Mamikonian, Sophie
126;Bande dessinée adulte;76;Aya de Yopougon. 1 [Texte imprimé];Abouet, Marguerite
127;Livre ado;76;Le voleur de foudre [Texte imprimé];Riordan, Rick
128;Livre ado;76;Le clan Aramov;Muchamore, Robert
129;DVD tous publics;76;THE artist [Images animées];
130;;76;Sauve-toi, la vie t'appelle;Cyrulnik, Boris
131;Livre adulte;75;La princesse des glaces [Texte imprimé] : roman;Läckberg, Camilla
132;Livre adulte;75;Ce que le jour doit à la nuit [Texte imprimé] : roman;Khadra, Yasmina
133;Livre ado;75;Révélation [Texte imprimé];Meyer, Stephenie
134;Nouveauté;75;Le Turquetto;Arditi, Metin
135;Livre adulte;74;New York [Texte imprimé] : 2012;Gloaguen, Philippe
136;Nouveauté;74;Avenue des géants;Dugain, Marc
137;Livre adulte;73;Corse : 2011;Gloaguen, Philippe
138;Livre en gros caractères;73;La couleur des sentiments;Stockett, Kathryn
139;DVD tous publics;73;Hugo Cabret [Images animées];
140;Numérique et multimédia adulte;73;Liseuse Sony [Ressource électronique];
141;;72;Deux soeurs : Yvonne et Christine Rouart, les muses de l'impressionnisme;Bona, Dominique
142;Livre jeunesse;71;Vendredi ou la vie sauvage [Texte imprimé];Tournier, Michel
143;Livre adulte;71;La valse lente des tortues [Texte imprimé] : roman;Pancol, Katherine
144;Livre adulte;71;1984 [Texte imprimé];Orwell, George
145;Livre adulte;71;La fille qui rêvait d'un bidon d'essence et d'une allumette [Texte imprimé] : roman;Larsson, Stieg
146;Livre ado;71;Journal d'un vampire. 2;Smith, Lisa Jane
147;Livre adulte;71;Malaisie, Singapour : 2011 : sans Bornéo;Gloaguen, Philippe
148;Livre adulte;71;Avant d'aller dormir;Watson, S. J.
149;Nouveauté;71;L'enquête russe : roman;Parot, Jean-François
150;Revue adulte;70;60 millions de consommateurs [texte imprimé] : le magazine sans publicité;
151;Livre adulte;70;Les dames de Rome : roman;Chandernagor, Françoise
152;Livre ado;69;Chute libre [Texte imprimé];Muchamore, Robert
153;Usuels;69;Code civil : édition 2011;
154;DVD tous publics;69;Les femmes du 6e étage [Images animées];
155;CD adulte;69;Nrj music awards 2012 [enregistrement sonore];
156;DVD tous publics;69;A Dangerous Method [Images animées];
157;Livre jeunesse;68;L'apprenti épouvanteur [Texte imprimé];Delaney, Joseph
158;Livre adulte;68;Oeuvres complètes. 1. 1931-1944 [Texte imprimé];Camus, Albert
159;Livre adulte;68;Inconnu à cette adresse [Texte imprimé];Taylor, Kathrine Kressmann
160;Livre jeunesse;68;Le dernier Olympien;Riordan, Rick
161;Revue adulte;67;Elle [texte imprimé] : l'hebdomadaire de la femme : tous les mercredis;
162;Bande dessinée ado;67;Lou !. 5;Neel, Julien
163;DVD < 13 ans;67;Ponyo sur la falaise [Images animées];Miyazaki, Hayao
164;Bande dessinée jeunesse;67;En quête d'amour;Tessier, Grégory
165;Bande dessinée adulte;67;Les ignorants : récit d'une initiation croisée;Davodeau, Etienne
166;Livre jeunesse;67;La guerre des clans : le pouvoir des étoiles. 1. Vision;Hunter, Erin
167;Nouveauté;67;Et puis, Paulette...;Constantine, Barbara
168;DVD tous publics;67;L'exercice de l'Etat [Images animées];
169;;67;Pourquoi être heureux quand on peut être normal ?;Winterson, Jeannette
170;Livre ado;66;Les survivants [Texte imprimé] : mission 5;Muchamore, Robert
171;Livre jeunesse;66;Max et les Maximonstres [Texte imprimé];Sendak, Maurice
172;Livre ado;66;Sang pour sang [Texte imprimé] : mission 6;Muchamore, Robert
173;Bande dessinée jeunesse;66;Chi, une vie de chat. 2;Konami, K.
174;Bande dessinée jeunesse;66;Bride stories. 1;Mori, Kaoru
175;Bande dessinée jeunesse;65;Le royaume des ombres;Smith, L. J.
176;Livre jeunesse;65;16 nouvelles métamorphoses d'Ovide;Ovide
177;;65;Le sel de la vie : lettre à un ami;Héritier, Françoise
178;;65;Volte-face : roman;Connelly, Michael
179;DVD >  12 ans;64;Millénium, le film [Images animées];
180;Livre adulte;64;L'écrivain de la famille : roman;Delacourt, Grégoire
181;Nouveauté;64;Sous haute tension;Coben, Harlan
182;DVD tous publics;64;La guerre est déclarée [Images animées];
183;Livre jeunesse;63;L'aîné [Texte imprimé];Paolini, Christopher
184;Livre jeunesse;63;Brisingr;Paolini, Christopher
185;Livre jeunesse;63;Le code de la route;Ramos, Mario
186;Livre adulte;63;Le chagrin : roman;Duroy, Lionel
187;Nouveauté;63;Just kids;Smith, Patti
188;DVD tous publics;63;Harry Potter et les reliques de la mort, partie 1 [Images animées];
189;Nouveauté;63;Betty;Arnaldur Indridason
190;Nouveauté;63;Les sauvages. 1 [Texte imprimé];Louatah, Sabri
191;Bande dessinée jeunesse;62;Idylles [Texte imprimé];Neel, Julien
192;Livre adulte;62;Romans et nouvelles [Texte imprimé];Zweig, Stefan
193;;62;"Le second souffle ; suivi de Diable gardien";Pozzo di Borgo, Philippe
194;Nouveauté;62;Le bûcher d'un roi;Martin, George R.R.
195;;62;Mapuche;Férey, Caryl
196;Bande dessinée jeunesse;61;Frères ennemis [Texte imprimé];Sobral, Patrick
197;Bande dessinée jeunesse;61;Le réveil du Kréa-Kaos [Texte imprimé];Sobral, Patrick
198;Bande dessinée adulte;61;Chroniques birmanes [Texte imprimé];Delisle, Guy
199;Bande dessinée ado;61;Fairy Tail. 1 [Texte imprimé];Mashima, Hiro
200;Livre adulte;61;Antigone [Texte imprimé];Anouilh, Jean
201;Livre adulte;61;Métronome illustré;Deutsch, Lorànt
202;Livre jeunesse;61;Ca fait suer ! : guide de survie en milieu hostile;Kinney, Jeff
203;DVD tous publics;61;Incendies [Images animées];
204;;61;Dieu, ma mère et moi;Giesbert, Franz-Olivier
205;Bande dessinée jeunesse;60;Le gardien [Texte imprimé];Sobral, Patrick
206;Livre jeunesse;60;Grosse colère [Texte imprimé];Allancé, Mireille d'
207;Bande dessinée ado;60;Les liens de l'amitié [Texte imprimé];Delaf
208;DVD tous publics;60;Mad men. Intégrale Saison 1 [Images animées];
209;Livre adulte;60;Le livre sans nom;
210;Nouveauté;60;Retour à Killybegs;Chalandon, Sorj
211;;60;L'oligarchie des incapables;Coignard, Sophie
212;Livre sonore adulte;60;Rien ne s'oppose à la nuit (CD MP3) [Enregistrement sonore];De Vigan, Delphine
213;Nouveauté;60;L'herbe des nuits : roman;Modiano, Patrick
214;Livre adulte;59;Romans et nouvelles [Texte imprimé];Zweig, Stefan
215;Bande dessinée jeunesse;59;Sale temps pour les moches [Texte imprimé];Delaf
216;Bande dessinée ado;59;J'irai voir Venise [Texte imprimé];Lyfoung, Patricia
217;Livre jeunesse;59;Le Petit Prince [Texte imprimé];Saint-Exupéry, Antoine de
218;Livre adulte;59;Bel-Ami [Texte imprimé];Maupassant, Guy de
219;Livre adulte;59;Le club des incorrigibles optimistes : roman;Guenassia, Jean-Michel
220;Livre ado;59;Journal d'un vampire. Tome 3;Smith, Lisa Jane
221;Livre adulte;59;Le secret des femmes : voyage au coeur du plaisir et de la jouissance;Brune, Elisa
222;Bande dessinée adulte;59;Les vacances de Jésus & Bouddha : saint young men. 2 [Texte imprimé];Hikaru, Nakamura
223;Livre adulte;59;Italie du Nord : 2012 : sans la Toscane, l'Ombrie, les lacs italiens et Venise;Gloaguen, Philippe
224;DVD tous publics;59;Melancholia [Images animées];
225;DVD tous publics;59;Habemus Papam [Images animées];
226;Livre adulte;59;Notre-Dame du Nil : roman;Mukasonga, Scholastique
227;Nouveauté;59;Féerie générale;Pireyre, Emmanuelle
228;Bande dessinée ado;58;J'irai où tu iras [Texte imprimé];Lyfoung, Patricia
229;Livre adulte;58;Théâtre. 1 [Texte imprimé];Anouilh, Jean
230;Livre adulte;58;Sur la route [Texte imprimé];Kerouac, Jack
231;Livre adulte;58;La promesse de l'aube [Texte imprimé];Gary, Romain
232;Livre ado;58;Le grand jeu [Texte imprimé];Muchamore, Robert
233;Livre adulte;58;Berlin;Gloaguen, Philippe
234;Livre adulte;58;Tout, tout de suite : roman;Sportes, Morgan
235;Bande dessinée adulte;58;Portugal;Pedrosa, Cyril
236;Livre ado;57;Vendredi ou la vie sauvage [Texte imprimé];Tournier, Michel
237;Livre adulte;57;Les piliers de la terre [Texte imprimé];Follett, Ken
238;Livre adulte;57;Antigone [Texte imprimé];Anouilh, Jean
239;Livre jeunesse;57;Bébés chouettes [Texte imprimé];Waddell, Martin
240;Livre jeunesse;57;La guerre des clans : la dernière prophétie. 3. Aurore;Hunter, Erin
241;Bande dessinée adulte;57;Bienvenue. 1;Abouet, Marguerite
242;Livre adulte;57;L'énigme des catacombes;Riordan, Rick
243;Livre ado;57;Promise;Condie, Ally
244;Livre adulte;57;Les intellectuels faussaires : le triomphe médiatique des experts en mensonge;Boniface, Pascal
245;;57;Princess Jellyfish. 1;Higashimura, Akiko
246;Livre adulte;57;Sagan et fils;Westhoff, Denis
247;Bande dessinée ado;56;Mortebouse [Texte imprimé];Neel, Julien
248;Livre adulte;56;Romans [Texte imprimé];Maupassant, Guy de
249;Livre adulte;56;Oeuvres complètes. 2 [Texte imprimé];Molière
250;Livre adulte;56;Jane Eyre [Texte imprimé];Brontë, Charlotte
251;Livre adulte;56;Code de la route Rousseau [Texte imprimé] : [2009];
252;Livre adulte;56;L'avenir de l'eau. 2 [Texte imprimé] : petit précis de mondialisation;Orsenna, Erik
253;Livre adulte;56;Le tailleur de pierre;Läckberg, Camilla
254;Bande dessinée adulte;56;Polina;Vivès, Bastien
255;Livre adulte;56;Portugal : avec Madère et Açores;
256;Nouveauté;56;L'armée furieuse;Vargas, Fred
257;Nouveauté;56;Les souvenirs;Foenkinos, David
258;;56;Ulysse;Pommaux, Yvan
259;Nouveauté;56;Le Chinois;Mankell, Henning
260;DVD tous publics;56;Une séparation [Images animées];
261;;56;Ce qu'il advint du sauvage blanc : roman;Garde, François
262;Livre jeunesse;55;L'histoire d'Helen Keller [Texte imprimé];Hickok, Lorena A.
263;Livre jeunesse;55;Le sort du Titan [Texte imprimé];Riordan, Rick
264;Nouveauté;55;Sukkwan island : roman;Vann, David
265;Livre adulte;55;La bataille du labyrinthe;Riordan, Rick
266;Nouveauté;55;La treizième colonie;Sardou, Romain
267;Livre ado;55;Les héritiers d'Enkidiev. 1. Renaissance;Robillard, Anne
268;DVD tous publics;55;Pater [Images animées];
269;;55;Miséricorde;Adler-Olsen, Jussi
270;Livre en gros caractères;55;Rien ne s'oppose à la nuit : roman;Vigan, Delphine de
271;DVD tous publics;55;Les aventures de Tintin - Le secret de la Licorne [Images animées];
272;Bande dessinée adulte;55;Olympe de Gouges;Catel
273;Livre jeunesse;54;Rodrick fait sa loi [Texte imprimé];Kinney, Jeff
274;DVD tous publics;54;Alvin et les Chipmunks [images animées];
275;Nouveauté;54;Deux petits pas sur le sable mouillé : témoignage;Julliand, Anne-Dauphine
276;;54;La page blanche;Boulet
277;Livre adulte;54;L'attente de l'aube;Boyd, William
278;Livre adulte;53;Théatre complet [Texte imprimé];Musset, Alfred de
279;Bande dessinée adulte;53;Les gouttes de Dieu. 1 [Texte imprimé];Agi, Tadashi
280;Livre adulte;53;A l'ouest rien de nouveau [Texte imprimé];Remarque, Erich Maria
281;Revue adulte;53;Le Point [texte imprimé];
282;Livre adulte;53;TOEFL, TOEIC, IELTS : réussir l'épreuve essay;Diehl, Christel
283;DVD tous publics;53;Twilight. Chapitre 2,. tentation [images animées];
284;Livre adulte;53;Indonésie;
285;Livre adulte;53;Bibliothécaire adjoint spécialisé, BAS : catégorie B;Caron, Valérie
286;Livre adulte;53;Thaïlande : 2012 : + plongées;Gloaguen, Philippe
287;;53;Intégrale studio [enregistrement sonore] : 1962-2010;Mitchell, Eddy
288;Nouveauté;53;La muraille de lave;Arnaldur Indridason
289;Livre jeunesse;53;Inconnu à cette adresse [Texte imprimé];Taylor, Kathrine Kressmann
290;Livre adulte;52;La promesse de l'aube [Texte imprimé];Gary, Romain
291;Livre jeunesse;52;Le royaume de Kensuké [Texte imprimé];Morpurgo, Michael
292;Livre adulte;52;Le coeur cousu [Texte imprimé];Martinez, Carole
293;Livre adulte;52;Le nom du vent : chronique du tueur de roi : première journée;Rothfuss, Patrick
294;Livre ado;52;Mad dogs;Muchamore, Robert
295;Livre adulte;52;Life;Richards, Keith
296;DVD tous publics;52;Potiche [Images animées];
297;DVD tous publics;52;Mad men. Intégrale saison 3 [Images animées];
298;Livre jeunesse;52;Lune de printemps;Audouin-Mamikonian, Sophie
299;Bande dessinée jeunesse;52;Inazuma eleven. 2;Yabuno, Tenya
300;Nouveauté;52;On peut se dire au revoir plusieurs fois;Servan-Schreiber, David
301;Livre adulte;52;Saga parisienne. 2. 1959-1981 : d'une rive à l'autre;Schlesser, Gilles
302;CD adulte;52;25 ans de Radio Nova [enregistrement sonore];
303;Nouveauté;52;Le palais de minuit [Texte imprimé];Ruiz Zafón, Carlos
304;DVD tous publics;52;Le cochon de Gaza [Images animées];
305;;52;Les anges de New York;Ellory, Roger Jon
306;Livre adulte;52;Berlin [Texte imprimé] : 2012;Gloaguen, Philippe
307;Numérique et multimédia adulte;52;Liseuse Booken [Ressource électronique];
308;Nouveauté;52;Une semaine de vacances;Angot, Christine
309;Nouveauté;52;La théorie de l'information : roman;Bellanger, Aurélien
310;;52;Oh... : roman;Djian, Philippe
311;;52;14;Echenoz, Jean
312;Livre ado;51;No pasaran, le jeu [Texte imprimé];Lehmann, Christian
313;Livre sonore adulte;51;Jacques Prévert [Enregistrement sonore] : 100 ans;Poulanges, Alain
314;Livre jeunesse;51;Retour à l'état sauvage [Texte imprimé];Hunter, Erin
315;Livre adulte;51;Le meilleur des mondes [Texte imprimé];Huxley, Aldous
316;Livre jeunesse;51;Harry Potter et les reliques de la mort [Texte imprimé];Rowling, Joanne Kathleen
317;Livre adulte;51;Les corrections [Texte imprimé];Franzen, Jonathan
318;Livre jeunesse;51;Le combat de l'épouvanteur [Texte imprimé];Delaney, Joseph
319;Livre adulte;51;Romans extraordinaires [Texte imprimé];Barjavel, René
320;Bande dessinée adulte;51;Pyongyang [Texte imprimé];Delisle, Guy
321;Livre adulte;51;L'amour dure trois ans [Texte imprimé];Beigbeder, Frédéric
322;Livre adulte;51;Thaïlande : îles et plages;
323;Livre adulte;51;La vie très privée de Mr Sim : roman;Coe, Jonathan
324;Usuels;51;Code du travail 2011;
325;Nouveauté;51;Saga parisienne. 1. 1942-1958, un balcon sur le Luxembourg;Schlesser, Gilles
326;Nouveauté;51;Les neuf dragons : une enquête de Harry Bosch : roman;Connelly, Michael
327;Nouveauté;51;Monsieur le Commandant;Slocombe, Romain
328;Livre adulte;51;Paris pas cher 2012;Riou, Anne
329;Livre jeunesse;51;Vroum ! Vroum !;Delebecque, François
330;Livre jeunesse;51;La pyramide rouge [Texte imprimé];Riordan, Rick
331;Livre jeunesse;51;Rose et la maison du magicien;Webb, Holly
332;Nouveauté;51;Supplément à la vie de Barbara Loden;Léger, Nathalie
333;Bande dessinée adulte;51;MetaMaus [Multimédia multisupport] : un nouveau regard sur Maus, un classique des temps modernes;Spiegelman, Art
334;DVD >  12 ans;51;Un prophète [Images animées];
335;;51;L'impétueux : tourments, tourmentes, crises et tempêtes;Nay, Catherine
336;Livre adulte;50;Les mots sont des fenetres (ou bien ce sont des murs) [Texte imprimé] : introduction à la communication non violente;Rosenberg, Marshall B.
337;Livre adulte;50;L'étranger [Texte imprimé];Camus, Albert
338;Bande dessinée jeunesse;50;Griffes et plumes [Texte imprimé];Sobral, Patrick
339;Livre jeunesse;50;Journal d'un chat assassin [Texte imprimé];Fine, Anne
340;DVD tous publics;50;Harry Potter et le prisonnier d'Azkaban [Images animées];Cuaron, Alfonso
341;Livre adulte;50;Sur la route [Texte imprimé];Kerouac, Jack
342;Livre jeunesse;50;A la dérive;Muchamore, Robert
343;Livre adulte;50;Les chaussures italiennes : roman;Mankell, Henning
344;Livre adulte;50;Le métier de bibliothécaire;
345;Livre jeunesse;50;L'évasion;Muchamore, Robert
346;Livre adulte;50;Sur la route : le rouleau original;Kerouac, Jack
347;Nouveauté;50;Même le silence a une fin;Betancourt, Ingrid
348;Nouveauté;50;Absolument dé-bor-dée ! ou Le paradoxe du fonctionnaire;Shepard, Zoé
349;Livre ado;50;Evernight. 1;Gray, Claudia
350;Bande dessinée adulte;50;L'apocalypse selon saint Jacky;Larcenet, Manu
351;Livre ado;50;Journal d'un vampire. 5;Smith, Lisa Jane
352;;50;La couleur des sentiments;Stockett, Kathryn
353;DVD tous publics;50;Harry Potter et les reliques de la mort [Images animées];
354;Livre jeunesse;50;Tara Duncan contre la reine noire;Audouin-Mamikonian, Sophie
355;;50;Demain, j'arrête;Legardinier, Gilles
356;Bande dessinée adulte;50;L'odeur de la poussière chaude;Peeters, Frederik
357;Bande dessinée adulte;50;Habibi;Thompson, Craig
358;Livre adulte;50;Châteaux de la Loire : + Touraine : 2012;Gloaguen, Philippe
359;DVD tous publics;50;Captain America [Images animées] : The first avenger : The first Avenger;
360;Livre jeunesse;49;Les Misérables [Texte imprimé];Hugo, Victor
361;Livre adulte;49;Edward Hopper [Texte imprimé];
362;Livre adulte;49;Berthe Morisot [Texte imprimé] : le secret de la femme en noir;Bona, Dominique
363;Livre adulte;49;L'ombre du vent [Texte imprimé] : roman;Ruiz Zafòn, Carlos
364;Livre adulte;49;Ne tirez pas sur l'oiseau moqueur [Texte imprimé] : roman;Lee, Harper
365;Livre adulte;49;Le parfum [Texte imprimé] : histoire d'un meurtrier;Süskind, Patrick
366;Bande dessinée adulte;49;Aya de Yopougon. 4 [Texte imprimé];Abouet, Marguerite
367;Livre adulte;49;Amsterdam et ses environs : 2011 : + Rotterdam, Delft et La Haye;Gloaguen, Philippe
368;Bande dessinée adulte;49;Les vacances de Jésus et Bouddha;Hikaru, Nakamura
369;Livre jeunesse;49;Le héros perdu;Riordan, Rick
370;Livre adulte;49;Le passager;Grangé, Jean-Christophe
371;Nouveauté;49;Rue Darwin;Sansal, Boualem
372;Nouveauté;49;Kampuchéa : roman;Deville, Patrick
373;DVD tous publics;49;La Piel que habito [Images animées];
374;Bande dessinée jeunesse;49;Le bal de printemps [Texte imprimé];Algésiras
375;Nouveauté;49;Le chapeau de Mitterrand;Laurain, Antoine
376;Nouveauté;49;Rue des voleurs;Énard, Mathias
377;Livre adulte;48;L'ami retrouvé [Texte imprimé];Uhlman, Fred
378;Livre adulte;48;Les yeux jaunes des crocodiles [Texte imprimé] : roman;Pancol, Katherine
379;Livre adulte;48;Canaries [Texte imprimé];Andrews, Sarah
380;Livre jeunesse;48;Louison et Monsieur Molière [Texte imprimé];Helgerson, Marie-Christine
381;Livre jeunesse;48;Un air de famille [Texte imprimé];Cazenove
382;Livre jeunesse;48;La mer des monstres [Texte imprimé];Riordan, Rick
383;Livre jeunesse;48;Clair de lune;Hunter, Erin
384;Livre adulte;48;La terre des mensonges : roman [Texte imprimé];Ragde, Anne Birkefeldt
385;Bande dessinée adulte;48;Aya de Yopougon. 5;Abouet, Marguerite
386;Livre adulte;48;La fille de papier : roman;Musso, Guillaume
387;Livre jeunesse;48;Entre ciel et terre;Fombelle, Timothée de
388;Bande dessinée jeunesse;48;Aube et crépuscule [Texte imprimé];Sobral, Patrick
389;Nouveauté;48;La rivière noire;Arnaldur Indridason
390;DVD tous publics;48;la Princesse de Montpensier [Images animées];
391;Livre jeunesse;48;Fausse note à Venise;Korman, Gordon
392;Livre adulte;48;La chimère d'or des Borgia;Benzoni, Juliette
393;Nouveauté;48;Room;Donoghue, Emma
394;;48;François Hollande : itinéraire secret;Raffy, Serge
395;Livre adulte;48;Nrj hits 2012 [enregistrement sonore];
396;Livre sonore adulte;48;1Q84 Livre 1 [Enregistrement sonore];Haruki, Murakami
397;Livre adulte;48;Les années perdues;Clark, Mary Higgins
398;Livre adulte;48;Une place à prendre;Rowling, Joanne Kathleen
399;Livre jeunesse;47;Dinosaures, dinosaures [Texte imprimé];Barton, Byron
400;Livre adulte;47;Oeuvres romanesques complètes. 1 [Texte imprimé];Austen, Jane
401;Livre jeunesse;47;La princesse rebelle [Texte imprimé];Robillard, Anne
402;Livre adulte;47;Cessez d'être gentil soyez vrai [Texte imprimé] : être avec les autres en restant soi-même;D'Ansembourg, Thomas
403;Bande dessinée jeunesse;47;Coeur du passé [Texte imprimé];Sobral, Patrick
404;Livre adulte;47;Un monde sans fin [Texte imprimé] : roman;Follett, Ken
405;Bande dessinée adulte;47;Et c'est là que mes ennuis ont commencé [Texte imprimé];Spiegelman, Art
406;Revue adulte;47;Géo [texte imprimé];
407;Revue adulte;47;Les Inrockuptibles [texte imprimé];
408;Livre adulte;47;Code Rousseau de la route 2010 [texte imprimé];
409;Nouveauté;47;Le cimetière de Prague : roman;Eco, Umberto
410;Livre adulte;47;Marine Le Pen;Fourest, Caroline
411;Livre adulte;47;Jayne Mansfield 1967;Liberati, Simon
412;;47;Le cas Sneijder;Dubois, Jean-Paul
413;Livre adulte;47;Venise [Texte imprimé] : 2012;Gloaguen, Philippe
414;;47;Le sillage de l'oubli : roman;Machart, Bruce
415;Nouveauté;47;L'élimination [Texte imprimé];Panh, Rithy
416;Nouveauté;47;La femme au masque de chair;Leon, Donna
417;Nouveauté;47;Hôtel Adlon;Kerr, Philip
418;;47;Indiana Teller. 2. Lune d'été;Audouin-Mamikonian, Sophie
419;Bande dessinée adulte;47;Doggy Bags;
420;Nouveauté musique;47;Birdy [Enregistrement sonore];
421;Livre adulte;47;L'âme du monde : conte de sagesse;Lenoir, Frédéric
422;DVD tous publics;47;Hunger Games [Images animées];
423;CD adulte;46;Back to black [Enregistrement sonore];Winehouse, Amy
424;Livre adulte;46;Oeuvres complètes. 1 [Texte imprimé];Corneille, Pierre
425;Livre adulte;46;Le mec de la tombe d'à côté [Texte imprimé] : roman;Mazetti, Katarina
426;Bande dessinée ado;46;Je veux que tu m'aimes ! [Texte imprimé];Lyfoung, Patricia
427;Bande dessinée ado;46;Pour qui tu te prends ? [Texte imprimé];Delaf
428;Bande dessinée jeunesse;46;Journal infime [Texte imprimé];Neel, Julien
429;Livre adulte;46;D'autres vies que la mienne;Carrère, Emmanuel
430;Livre adulte;46;Sri Lanka [Texte imprimé];
431;Bande dessinée jeunesse;46;Le cycle d'Anathos : renaissance;Sobral, Patrick
432;Livre adulte;46;Le trône de fer : l'intégrale. 2;Martin, George R.R.
433;Bande dessinée jeunesse;46;Le bal d'hiver;Algésiras
434;Nouveauté;46;Où j'ai laissé mon âme;Ferrari, Jérôme
435;Livre adulte;46;Londres : 2011 : + shopping;Gloaguen, Philippe
436;Nouveauté;46;Italie du Sud : 2011 [Texte imprimé] : sans Rome ni la Sicile;Gloaguen, Philippe
437;Bande dessinée jeunesse;46;Chi, une vie de chat. 3;Konami, K.
438;Livre adulte;46;Etats-Unis Nord-Est : 2011-2012;
439;Livre jeunesse;46;Delirium;Oliver, Lauren
440;Livre adulte;46;Eux sur la photo;Gestern, Hélène
441;DVD tous publics;46;the Tree of Life [Images animées];
442;;46;Flétrissure;Neuhaus, Nele
443;Livre adulte;46;Vietnam [Texte imprimé] : 2012;Gloaguen, Philippe
444;Nouveauté;46;Quatre-vingt treize;Kepel, Gilles
445;;46;Papillon. 1;Ueda, Miwa
446;Livre Fonds spécialisés;46;Le diable, tout le temps : roman;Pollock, Donald Ray
447;Livre adulte;45;Anna Karénine [Texte imprimé];Tolstoj, Lev Nikolaevic
448;Livre adulte;45;Elizabeth 2 [Texte imprimé] : la dernière reine;Roche, Marc
449;Livre adulte;45;La bataille des rois [Texte imprimé] : roman;Martin, George R. R.
450;DVD tous publics;45;E.T. l'extra-terrestre [Images animées];Spielberg, Steven
451;Livre adulte;45;Oeuvres complètes [Texte imprimé];Machiavel
452;Livre adulte;45;Guérir [Texte imprimé] : le stress, l'anxiété et la dépression sans médicaments ni psychanalyse;Servan-Schreiber, David
453;Livre adulte;45;La distinction [Texte imprimé] : critique sociale du jugement;Bourdieu, Pierre
454;Livre adulte;45;Oeuvres complètes. 1. Théâtre, poésie [Texte imprimé];Racine, Jean
455;Livre adulte;45;Le prédicateur;Läckberg, Camilla
456;Bande dessinée ado;45;Duel de belles;Delaf
457;DVD tous publics;45;Harry Potter et l'Ordre du Phénix [images animées];
458;Livre adulte;45;Petit traité de vie intérieure;Lenoir, Frédéric
459;;45;Coucher de soleil;Hunter, Erin
460;Livre jeunesse;45;Le feuilleton de Thésée : la mythologie grecque en cent épisodes;Szac, Murielle
461;Livre adulte;45;658;Verdon, John
462;Livre adulte;45;Sardaigne : 2011-2012;Gloaguen, Philippe
463;Livre adulte;45;Léna;Deloffre, Virginie
464;Nouveauté;45;L'équation africaine;Khadra, Yasmina
465;Nouveauté;45;Sunset park;Auster, Paul
466;Livre adulte;45;Journal d'un raté : roman;Limonov, Èduard Veniaminovi?
467;Bande dessinée adulte;45;Magasin général. 7;Loisel, Régis
468;Nouveauté;45;Les lumières de septembre;Ruiz Zafón, Carlos
469;Nouveauté;45;Pour seul cortège : roman;Gaudé, Laurent
470;Livre ado;44;Les chevaliers d'Emeraude. 2 Les dragons de l'empereur noir [Texte imprimé];Robillard, Anne
471;Livre jeunesse;44;Retour à l'état sauvage [Texte imprimé];Hunter, Erin
472;Bande dessinée adulte;44;Cette vie derrière nous [Texte imprimé];Kirkman, Robert
473;Livre adulte;44;La vie devant soi [Texte imprimé];Gary, Romain
474;Bande dessinée adulte;44;Le donjon de Naheulbeuk. Tome 3, Deuxième saison, partie 1 [Texte imprimé];Lang, John
475;VHS >  12 ans;44;Hunger [Images animées];
476;DVD tous publics;44;Twilight. Chapitre 1. Fascination [Images animées];
477;Usuels;44;Code du travail 2010;
478;Bande dessinée jeunesse;44;Sang royal;Sobral, Patrick
479;Nouveauté;44;Un jour;Nicholls, David
480;Livre adulte;44;Normandie 2011-2012;Gloaguen, Philippe
481;Bande dessinée adulte;44;The flowers of hard blood;Katori, Masaru
482;;44;Sprite. 1;Ishikawa, Yugo
483;Livre adulte;44;Le diable dans la ville blanche [Texte imprimé];Larson, Erik
484;Livre adulte;44;Les revenants;Kasischke, Laura
485;DVD tous publics;44;Le gamin au vélo [Images animées];
486;Livre adulte;44;La décrue;Hobb, Robin
487;Livre adulte;44;Italie du Sud : 2012 : sans Rome ni la Sicile;Gloaguen, Philippe
488;Livre ado;44;La lumière blanche;Ressouni-Demigneux, Karim
489;Nouveauté;44;Les séparées;Davrichewy, Kéthévane
490;Livre adulte;44;Serum, saison 1 : saison 1. Épisode 1 [Texte imprimé];Loevenbruck, Henri
491;;44;Original Israel yiddish casts. 1. Fiddler on the roof. The megilla of Itzir Manger [Enregistrement sonore];
492;CD adulte;44;Born to die [enregistrement sonore];Rey (Del), Lana
493;;44;La vérité toute moche : grandir ou ne pas grandir, telle est la question !;Kinney, Jeff
494;Nouveauté;44;21, rue La Boétie;Sinclair, Anne
495;Nouveauté;44;Reflets dans un oeil d'homme;Huston, Nancy
496;Livre jeunesse;44;"La tragédie du ""Titanic"" [Texte imprimé]";Adams, Simon
497;Nouveauté;44;Les désorientés : roman;Maalouf, Amin
498;Livre ado;43;Le journal [Texte imprimé];Frank, Anne
499;Livre adulte;43;Zulu [Texte imprimé];Férey, Caryl
500;Livre adulte;43;Voyage aux pays du coton [Texte imprimé] : petit précis de mondialisation;Orsenna, Erik
501;Livre adulte;43;Les Misérables [Texte imprimé];Hugo, Victor
502;Livre adulte;43;Les Confessions [Texte imprimé];Rousseau, Jean-Jacques
503;Livre adulte;43;Le maître et Marguerite [Texte imprimé] : et autres romans;Bulgakov, Mihaïl Afanas'evic
504;Livre adulte;43;Romans et contes [Texte imprimé];Voltaire
505;Livre jeunesse;43;Minuit [Texte imprimé];Hunter, Erin
506;Livre adulte;43;Cent ans de solitude [Texte imprimé];Garcia Marquez, Gabriel
507;Livre adulte;43;Le coeur cousu;Martinez, Carole
508;Livre jeunesse;43;La révélation des Médicus;Anderson, Eli
509;Livre jeunesse;43;Tristan et Iseult;
510;DVD tous publics;43;La jetée [images animées] : un photo-roman;
511;DVD tous publics;43;L'arnacoeur [Images animées];
512;Nouveauté;43;Faut-il manger les animaux ?;Foer, Jonathan Safran
513;Bande dessinée ado;43;L'histoire de France en BD. 2. Du Moyen Age à la Révolution;Joly, Dominique
514;Nouveauté;43;Les autres gens. 1;Cadène, Thomas
515;Bande dessinée adulte;43;Désirs exaucés;Hubert
516;Bande dessinée jeunesse;43;Akissi. 2. Super-héros en plâtre;Abouet, Marguerite
517;Livre ado;43;Fedeylins. Les rives du monde;Coste, Nadia
518;Nouveauté;43;Le système Victoria : roman;Reinhardt, Éric
519;Livre jeunesse;43;Un prince sans royaume;Fombelle, Timothée de
520;Livre adulte;43;Amsterdam et ses environs : 2012 : + Rotterdam, Delft et La Haye;Gloaguen, Philippe
521;;43;Les Landes. 2. Dans les pas d'Ariane;Bourdin, Françoise
522;Livre adulte;43;Grâce : roman;Bertholon, Delphine
523;Livre adulte;42;Romans. 1 [Texte imprimé];Austen, Jane
524;Livre adulte;42;Oeuvres complètes [Texte imprimé];Sarraute, Nathalie
525;DVD tous publics;42;West side story [Images animées];Wise, Robert
526;Livre adulte;42;La chambre claire [Texte imprimé] : note sur la photographie;Barthes, Roland
527;Livre jeunesse;42;Le feuilleton d'Hermès [Texte imprimé] : la mythologie grecque en cent épisodes;Szac, Murielle
528;Livre adulte;42;Canaries;Montagnon, Denis
529;Livre adulte;42;Bretagne sud : 2010;Gloaguen, Philippe
530;Livre ado;42;Gone. 2. La faim;Grant, Michael
531;Livre adulte;42;Croatie : 2010-2011;Gloaguen, Philippe
532;Livre adulte;42;Le crépuscule d'une idole : l'affabulation freudienne;Onfray, Michel
533;;42;Le signal : roman;Carlson, Ron
534;Nouveauté;42;L'oeil de la lune;
535;Bande dessinée adulte;42;Un sac de billes. Première partie;
536;Livre adulte;42;Le pays des grottes sacrées : roman;Auel, Jean M.
537;;42;Jeanne;Romilly, Jacqueline de
538;;42;Beelzebub. 1;Tamura, Ryuhei
539;Livre adulte;42;Turquie : 2011-2012;Gloaguen, Philippe
540;Livre jeunesse;42;Le royaume des loups. 1. Faolan le solitaire;Lasky, Kathryn
541;Bande dessinée jeunesse;42;La quatrième dimension et demie;Vehlmann, Fabien
542;;42;Evernight. 2;Gray, Claudia
543;Nouveauté;42;Les fantômes de Belfast [Texte imprimé];Neville, Stuart
544;DVD tous publics;42;De l'eau pour les éléphants [Images animées];
545;Nouveauté;42;Les solidarités mystérieuses;Quignard, Pascal
546;Livre jeunesse;42;Mystère au Kremlin;Carman, Patrick
547;Nouveauté;42;Le règne des Lions;Calmel, Mireille
548;;42;L'armoire des robes oubliées : roman;Pulkkinen, Riikka
549;DVD tous publics;42;J. Edgar [Images animées];
550;Livre adulte;41;Vipère au poing [Texte imprimé];Bazin, Hervé
551;Livre Fonds spécialisés;41;Si c'est un homme [Texte imprimé];Levi, Primo
552;Livre adulte;41;Cannibale [Texte imprimé] : récit;Daeninckx, Didier
553;Livre adulte;41;La glace et le feu [Texte imprimé];Martin, George R. R.
554;Livre adulte;41;Les bienveillantes : roman [Texte imprimé];Littell, Jonathan
555;Livre adulte;41;Romans et récits [Texte imprimé];Perec, Georges
556;Revue adulte;41;Courrier international [texte imprimé];
557;Livre adulte;41;Le lièvre de Patagonie : mémoires;Lanzmann, Claude
558;Livre adulte;41;Le Guinea lord;Delaby, Philippe
559;Livre adulte;41;Le mec de la tombe d'à côté : roman [Texte imprimé];Mazetti, Katarina
560;Livre adulte;41;L'intranquille : autoportrait d'un fils, d'un peintre, d'un fou [Texte imprimé];Garouste, Gérard
561;Livre adulte;41;Les visages [Texte imprimé];Kellerman, Jesse
562;DVD < 13 ans;41;Harry Potter et le Prince de sang-mêlé [Images animées];Yates, David
563;Livre adulte;41;La ferme des Neshov : roman;Ragde, Anne Birkefeldt
564;Nouveauté;41;L'oiseau de mauvais augure;Läckberg, Camilla
565;Livre jeunesse;41;Trop c'est trop;Kinney, Jeff
566;Livre jeunesse;41;Les deux royaumes;Anderson, Eli
567;Livre jeunesse;41;Le loto des nombrils;Guibert, Emmanuel
568;Livre adulte;41;Les Tudors;Crété, Liliane
569;Livre adulte;41;Israël, Jérusalem, Cisjordanie : avec excursions vers Pétra et le Sinaï;
570;Livre jeunesse;41;Le cauchemar de l'épouvanteur;Delaney, Joseph
571;;41;M. le Président : scènes de la vie politique, 2005-2011;Giesbert, Franz-Olivier
572;Nouveauté;41;Un été sans les hommes;Hustvedt, Siri
573;DVD tous publics;41;Winter's Bone [Images animées];
574;DVD < 13 ans;41;Arrietty [Images animées] : Le petit monde des chapardeurs;
575;Livre ado;41;Nés à minuit. 1. Attirances;Hunter, C. C.
576;Livre adulte;41;Entropia;Chattam, Maxime
577;Nouveauté;41;Jusqu'à la folie : roman;Kellerman, Jesse
578;Livre adulte;41;L'atelier de papier japonais : cartonnage, origami, encadrement, papeterie, pliage et autres techniques;Klam, Adeline
579;DVD tous publics;41;"Breaking bad [Images animées] : saison 3 ; Bryan Cranston, Aaron Paul act.";
580;;41;Histoire des grands-parents que je n'ai pas eus;Jablonka, Ivan
581;Livre Fonds spécialisés;40;Oeuvres [Texte imprimé];Desnos, Robert
582;Bande dessinée adulte;40;Passé décomposé. 1 [Texte imprimé];Kirkman, Robert
583;Bande dessinée ado;40;Aux prises avec baggy et ses hommes ! [Texte imprimé];Oda, Eiichiro
584;Livre jeunesse;40;L'école de Léon [Texte imprimé];Bloch, Serge
585;Livre adulte;40;To the lighthouse [Texte imprimé];Woolf, Virginia
586;Livre jeunesse;40;Le continent interdit [Texte imprimé];Audouin-Mamikonian, Sophie
587;Livre adulte;40;Oeuvres romanesques et théâtrales complètes. 2 [Texte imprimé];Mauriac, François
588;Livre adulte;40;La ferme des animaux [Texte imprimé];Orwell, George
589;Bande dessinée jeunesse;40;L'Alystory [Texte imprimé];Sobral, Patrick
590;Livre adulte;40;Nos séparations [Texte imprimé] : roman;Foenkinos, David
591;Nouveauté;40;Mon enfant de Berlin : roman;Wiazemsky, Anne
592;Livre jeunesse;40;Journal d'un dégonflé. 1. Carnet de bord de Greg Heffley;Kinney, Jeff
593;CD jeunesse;40;L'»intégrale musiques de films [Enregistrement sonore];Elfman, Danny
594;Livre en langue étrangère;40;The hunger games [Texte imprimé];Collins, Suzanne
595;Livre adulte;40;HHhH : roman;Binet, Laurent
596;Livre adulte;40;Portugal : 2010;Gloaguen, Philippe
597;CD adulte;40;France [Enregistrement sonore] : une anthologie des musiques traditionnelles;Veillet, Guillaume
598;Livre adulte;40;Paris pas cher 2011;Riou, Anne
599;Bande dessinée adulte;40;Ernest Latulippe;Loisel, Régis
600;Livre adulte;40;Andalousie : 2011 : + Murcie [Texte imprimé];Gloaguen, Philippe
601;Nouveauté;40;Le fils : récit;Rostain, Michel
602;Livre adulte;40;Le coeur des deux mondes;Plichota, Anne
603;Numérique et multimédia adulte;40;D'acier;Avallone, Silvia
604;Livre adulte;40;Bali, Lombok : + Borobudur, Prambanan et les volcans de Java : 2011-2012;Gloaguen, Philippe
605;Livre adulte;40;Le scandale Modigliani;Follett, Ken
606;Livre adulte;40;Rome;Gloaguen, Philippe
607;DVD tous publics;40;Agnès de ci, de là Varda [Images animées];
608;Livre adulte;40;Les derniers jours de nos pères;Dicker, Joël
609;Livre adulte;40;Le sexe ni la mort : trois essais sur l'amour et la sexualité;Comte-Sponville, André
610;Livre jeunesse;40;Le destin de l'épouvanteur;Delaney, Joseph
611;Nouveauté;40;L'oeil du léopard;Mankell, Henning
612;;40;Théorème vivant;Villani, Cédric
613;Livre adulte;39;Voyage au bout de la nuit [Texte imprimé];Céline, Louis-Ferdinand
614;Livre adulte;39;Les noces pourpres [Texte imprimé] : roman;Martin, George R. R.
615;Livre adulte;39;Théâtre complet [Texte imprimé];Ionesco, Eugène
616;Livre adulte;39;Etudes de moeurs [Texte imprimé] : scènes de la vie privée, scènes de la vie de province;Balzac, Honoré de
617;Livre adulte;39;Théâtre complet [Texte imprimé];Marivaux, Pierre de
618;Livre adulte;39;Oeuvres complètes. 1 [Texte imprimé];Baudelaire, Charles
619;Livre adulte;39;Gomorra [Texte imprimé] : dans l'empire de la camorra;Saviano, Roberto
620;DVD tous publics;39;Harry Potter à l'école des sorciers [Images animées];Columbus, Chris
621;Bande dessinée adulte;39;From hell [Texte imprimé] : une autopsie de Jack l'Eventreur;Moore, Alan
622;Livre adulte;39;Ne tirez pas sur l'oiseau moqueur [Texte imprimé];Lee, Harper
623;Livre adulte;39;W ou Le souvenir d'enfance [Texte imprimé];Perec, Georges
624;Livre jeunesse;39;Le trône de fer [Texte imprimé];Martin, Georges R. R.
625;Livre adulte;39;Oeuvres [Texte imprimé];Wilde, Oscar
626;Livre jeunesse;39;Petit Gruffalo [Texte imprimé];Donaldson, Julia
627;Revue adulte;39;Philosophie magazine [texte imprimé];
628;Bande dessinée ado;39;Switch girl !!. 1;Aida, Natsumi
629;Livre jeunesse;39;Gone;Grant, Michael
630;Livre adulte;39;Le jeu de l'ange : roman;Ruiz Zafòn, Carlos
631;Livre adulte;39;Légendes du je [texte imprimé];Gary, Romain
632;Livre adulte;39;Philippines [Texte imprimé];
633;Livre adulte;39;Dieu voyage toujours incognito;Gounelle, Laurent
634;Livre adulte;39;Le chuchoteur;Carrisi, Donato
635;Livre adulte;39;New York + Brooklyn : 2011;Gloaguen, Philippe
636;Livre adulte;39;Le cimetière du diable;
637;Livre adulte;39;L'envie : roman;Fontanel, Sophie
638;Nouveauté;39;Premier bilan après l'apocalypse : essai;Beigbeder, Frédéric
639;DVD tous publics;39;Minuit à Paris [Images animées];
640;DVD tous publics;39;le nom des gens [Images animées];
641;CD adulte;39;Dirty radio [Enregistrement sonore];
642;Revue adulte;39;Feuilleton : passe en revue le monde;
643;DVD tous publics;39;L'Apollonide, souvenirs de la maison close [Images animées];
644;Livre sonore adulte;39;C'est l'histoire d'un mec [enregistrement sonore] : La collection-intégrale 6 CD;Coluche
645;Livre jeunesse;39;Le fils de Neptune;Riordan, Rick
646;Livre adulte;39;Vers les lueurs [enregistrement sonore];Dominique A
647;Nouveauté;39;Les dix enfants que madame Ming n'a jamais eus [Texte imprimé];Schmitt, Éric-Emmanuel
648;;39;La réparation;Schneck, Colombe
649;Livre en langue étrangère;39;Home [Texte imprimé] : [a novel];Morrison, Toni
650;Livre adulte;38;L'attrape-coeurs [Texte imprimé];Salinger, Jerome David
651;DVD tous publics;38;Harry Potter à l'école des sorciers [Images animées];Columbus, Chris
652;Livre adulte;38;American psycho [Texte imprimé];Ellis, Bret Easton
653;Livre adulte;38;Romans, cinéma, théâtre [Texte imprimé] : un parcours, 1943-1993;Duras, Marguerite
654;CD adulte;38;Three Fantastic Dances [Enregistrement sonore];Chostakovitch, Dimitri
655;Livre ado;38;Hésitation [Texte imprimé];Meyer, Stephenie
656;DVD tous publics;38;Harry Potter et la coupe de feu [Images animées];Newell, Mike
657;Livre adulte;38;Belle du seigneur [Texte imprimé];Cohen, Albert
658;Livre adulte;38;Où on va, papa ? [Texte imprimé];Fournier, Jean-Louis
659;Livre ado;38;Bilbo le hobbit [Texte imprimé];Tolkien, John Ronald Reuel
660;Livre adulte;38;L'homme qui voulait être heureux [Texte imprimé];Gounelle, Laurent
661;Livre adulte;38;Comment parler des livres que l'on n'a pas lus ? [Texte imprimé];Bayard, Pierre
662;Revue adulte;38;Marianne [texte imprimé];
663;Usuels;38;Code de commerce : édition 2010;
664;Livre jeunesse;38;L'inespérée;Plichota, Anne
665;Nouveauté;38;La maison où je suis mort autrefois;Higashino, Keigo
666;DVD tous publics;38;La grande vadrouille [images animées];
667;DVD tous publics;38;Sherlock Holmes [Images animées];
668;Livre adulte;38;Le trône de fer : l'intégrale. 3;Martin, George R. R.
669;Nouveauté;38;L'homme inquiet;Mankell, Henning
670;Nouveauté;38;La guerre des clans : roman;Jacq, Christian
671;Bande dessinée adulte;38;Agonie [Texte imprimé];Nury, Fabien
672;Livre adulte;38;Dôme. 2;King, Stephen
673;DVD tous publics;38;Hésitation [Images animées];
674;DVD tous publics;38;Breaking bad. Intégrale saison 1 [Images animées];
675;Nouveauté;38;Savages [Texte imprimé];Winslow, Don
676;DVD tous publics;38;Eragon [images animées];
677;Livre adulte;38;Le dépaysement : voyages en France;Bailly, Jean-Christophe
678;Livre adulte;38;Inspiration Japon : 30 créations : origami, sashiko, furoshiki, couture...;O, Maria
679;DVD tous publics;38;Harry Potter et les reliques de la mort, 7 partie 1 [Images animées];
680;Nouveauté;38;Désolations;Vann, David
681;Bande dessinée adulte;38;Ressources humaines;Pins, Arthur de
682;;38;Le rêve du celte;Vargas Llosa, Mario
683;DVD tous publics;38;Pirates des Caraïbes 4 [Images animées] : La fontaine de Jouvence : on stranger tides;
684;Livre adulte;38;La Peste [Texte imprimé];Camus, Albert
685;Livre ado;38;Big Nate. Le champion de l'école;Peirce, Lincoln
686;Livre jeunesse;38;Opération Marie-Antoinette;Keller, Joslan F.
687;CD adulte;38;Lioness : Hidden treasures [Enregistrement sonore];Winehouse, Amy
688;;38;En vieillissant les hommes pleurent;Seigle, Jean-Luc
689;Nouveauté;38;Pablo. 1. Max Jacob;Birmant, Julie
690;Livre adulte;38;Allemagne [Texte imprimé] : 2012;Gloaguen, Philippe
691;CD adulte;38;The Hunger games [enregistrement sonore] : songs from district 12 and beyond : [BO du film de Gary Boss];
692;Nouveauté;38;Petite Poucette : le monde a tellement changé que les jeunes doivent tout réinventer : une manière de vivre ensemble, des institutions, une manière d'être et de connaître...;Serres, Michel
693;;38;Les apparences;Flynn, Gillian
694;Livre adulte;37;Théâtre complet [Texte imprimé];Sartre, Jean-Paul
695;Livre adulte;37;La ferme des animaux [Texte imprimé];Orwell, George
696;Livre jeunesse;37;Les comediennes de monsieur Racine [Texte imprimé];Desplat-Duc, Anne-Marie
697;Livre adulte;37;L'art de la joie [Texte imprimé];Sapienza, Goliarda
698;DVD tous publics;37;Les misérables [Images animées];Hossein, Robert
699;DVD tous publics;37;Harry Potter et la chambre des secrets [Images animées];Columbus, Chris
700;Livre jeunesse;37;Mer bleue [Texte imprimé];Kalan, Robert
701;Livre adulte;37;Oeuvres complètes. 2. 1944-1948 [Texte imprimé];Camus, Albert
702;Livre adulte;37;Côte d'Azur [Texte imprimé];Rauzier, Marie-Pascale
703;Livre jeunesse;37;Princesse Inès [Texte imprimé];Bourre, Martine
704;Livre ado;37;Tentation [Texte imprimé];Meyer, Stephenie
705;Livre jeunesse;37;Lettres d'amour de 0 à 10 [Texte imprimé];Morgenstern, Susie
706;Bande dessinée jeunesse;37;La pierre de Jovénia [Texte imprimé];Sobral, Patrick
707;DVD tous publics;37;The Dark Knight [Images animées];Nolan, Christopher
708;Livre adulte;37;Italie du Nord [Texte imprimé] : 2010 : sans la Toscane et l'Ombrie, lacs italiens, Venise et Rome;
709;CD adulte;37;Diachronism [enregistrement sonore];Maalouf, Ibrahim
710;Livre adulte;37;Guide pratique des réseaux sociaux : Twitter, Facebook... des outils pour communiquer [Texte imprimé];Fanelli-Isla, Marc
711;Livre adulte;37;Mourir de dire : la honte;Cyrulnik, Boris
712;Livre adulte;37;Les anonymes;Ellory, Roger Jon
713;Livre adulte;37;Sans âme;Carriger, Gail
714;Livre adulte;37;Crimes : nouvelles;Schirach, Ferdinand Von
715;Livre adulte;37;Iles grecques et Athènes : sans la Crète et les îles Ioniennes : 2011;Gloaguen, Philippe
716;Livre adulte;37;Allemagne : sans Berlin : 2011;Gloaguen, Philippe
717;DVD tous publics;37;Des hommes et des dieux [Images animées];
718;;37;Les privilèges;Dee, Jonathan
719;;37;L'étrange voyage de monsieur Daldry : roman;Lévy, Marc
720;;37;Expédition en Egypte;Watson, Jude
721;Livre adulte;37;Le guide Hachette des vins 2012;
722;DVD >  12 ans;37;Dexter [Images animées];
723;DVD < 13 ans;37;Le château de Cagliostro [Images animées];
724;Bande dessinée adulte;37;Les autres gens. 4;Cadène, Thomas
725;Livre adulte;37;De coeur inconnu : récit;Valandrey, Charlotte
726;Livre jeunesse;37;Caca boudin [Texte imprimé];Blake, Stéphanie
727;DVD tous publics;37;Twilight - Chapitre IV : Révélation [Images animées];
728;Livre adulte;37;La fille automate;Bacigalupi, Paolo
729;CD adulte;37;L'Apogée [enregistrement sonore];
730;DVD tous publics;37;Mission : impossible - Protocole fantôme [Images animées];
731;Livre jeunesse;37;Le passage des lumières. 1. Espoirs;Cuenca, Catherine
732;Livre jeunesse;36;L'odyssée [Texte imprimé];Homère
733;Livre adulte;36;Romans. 2 [Texte imprimé];Austen, Jane
734;Livre adulte;36;Le Bled [Texte imprimé];Bled, Edouard
735;Livre jeunesse;36;35 kilos d'espoir [Texte imprimé];Gavalda, Anna
736;Livre sonore jeunesse;36;La belle histoire de Leuk le lièvre [Enregistrement sonore];Senghor, Léopold Sédar
737;Livre adulte;36;Inconnu à cette adresse [Texte imprimé];Taylor, Kathrine Kressmann
738;Bande dessinée jeunesse;36;Sous les cahiers, la plage [Texte imprimé];Coppée, Thierry
739;Livre ado;36;La déclaration [Texte imprimé] : L'histoire d'Anna;Malley, Gemma
740;Livre adulte;36;Les piliers de la terre. 1. Ellen [Texte imprimé];Follett, Ken
741;DVD tous publics;36;Les deux tours [Images animées];Jackson, Peter
742;DVD tous publics;36;Sur écoute [Images animées] : Intégrale Saison 2;
743;Bande dessinée adulte;36;Celle que je ne suis pas. 1 [Texte imprimé];Vanyda
744;Livre jeunesse;36;Roule galette [Texte imprimé];Caputo, Natha
745;Bande dessinée adulte;36;Maus [Texte imprimé] : un survivant raconte;Spiegelman, Art
746;Livre adulte;36;Londres [Texte imprimé] : le guide;Masters, Tom
747;Livre adulte;36;Oeuvres [Texte imprimé];Diderot, Denis
748;Livre adulte;36;Le tigre blanc [Texte imprimé] : roman;Adiga, Aravind
749;Livre adulte;36;L'attrape-coeurs : roman [Texte imprimé];Salinger, Jerome David
750;Livre adulte;36;L'estime de soi [Texte imprimé] : s'aimer pour mieux vivre avec les autres;André, Christophe
751;Livre adulte;36;Petit traité de manipulation à l'usage des honnêtes gens [Texte imprimé];Joule, Robert-Vincent
752;Revue adulte;36;Beaux-arts magazine [texte imprimé];
753;Livre adulte;36;Les pervers narcissiques : qui sont-ils, comment fonctionnent-ils, comment leur échapper ?;Bouchoux, Jean-Charles
754;Bande dessinée ado;36;Je serai toujours avec toi;Lyfoung, Patricia
755;Livre jeunesse;36;C'est elle qui a commencé;Cazenove, Christophe
756;DVD tous publics;36;West side story [Images animées];Wise, Robert
757;Livre jeunesse;36;Le chevalier au bouclier vert;Weulersse, Odile
758;Livre adulte;36;Facebook : mes amis, mes amours... des emmerdes ! : la vérité sur les réseaux sociaux ?;Levard, Olivier
759;DVD tous publics;36;Men in black [images animées];
760;Bande dessinée adulte;36;Dengeki Daisy. 1;Motomi, Kyousuke
761;Bande dessinée ado;36;Je crois que je t'aime;Lyfoung, Patricia
762;DVD tous publics;36;Les enfants du paradis [images animées] : 1ère époque et 2ème époque;
763;Livre adulte;36;Réussir le TOEIC [imprimé];Fichaux, Fabien
764;DVD tous publics;36;Alice au Pays des Merveilles [Images animées];
765;Livre ado;36;Eagle day;Muchamore, Robert
766;Bande dessinée jeunesse;36;Léviathan. 1;Westerfeld, Scott
767;Livre adulte;36;Tunisie : 2011;Gloaguen, Philippe
768;Livre adulte;36;Angleterre, pays de Galles : 2011 [Texte imprimé] : sans Londres;Gloaguen, Philippe
769;DVD tous publics;36;Inception [Images animées];
770;Nouveauté;36;Rose;Rosnay, Tatiana de
771;Nouveauté;36;Absolument dé-bor-dée ! ou Le paradoxe du fonctionnaire;Shepard, Zoé
772;Nouveauté musique;36;Les chroniques du 75, en attendant l'apogée [Enregistrement sonore];
773;Livre jeunesse;36;Comme une soudaine envie de voler : carnet de curiosités de Magnus Philodolphe Pépin;Dedieu, Thierry
774;Livre jeunesse;36;Le voleur de sabres;Lerangis, Peter
775;Bande dessinée ado;36;Celle que je suis;Vanyda
776;Bande dessinée adulte;36;Piégés;Kirkman, Robert
777;Livre adulte;36;L'homme de Lewis;May, Peter
778;Bande dessinée adulte;36;Bride stories. 2;Mori, Kaoru
779;Bande dessinée jeunesse;36;Inazuma eleven. 3;Yabuno, Tenya
780;DVD < 13 ans;36;Harry Potter et les reliques de la mort [Images animées] : parties 1 & 2;
781;;36;Un homme de tempérament : roman;Lodge, David
782;Livre Fonds spécialisés;36;La dame en noir;Hill, Susan
783;DVD tous publics;36;La source des femmes [Images animées];
784;;36;Qui gardera nos enfants ? : les nounous et les mères;Ibos, Caroline
785;Nouveauté;36;Nuit noire, étoiles mortes : nouvelles;King, Stephen
786;Livre ado;36;La chanson des enfants perdus;Bottet, Béatrice
787;Livre ado;36;Journal d'un vampire. 6;Smith, Lisa Jane
788;Livre adulte;36;Education européenne [Texte imprimé];Gary, Romain
789;Livre adulte;36;L'hiver du monde [Texte imprimé] : roman;Follett, Ken
790;Livre adulte;35;Les Rougon-Macquart. 3 [Texte imprimé] : histoire naturelle et sociale d'une famille sous le Second Empire;Zola, Emile
791;Livre ado;35;Le dernier été [Texte imprimé];Brashares, Ann
792;Bande dessinée adulte;35;Le Malka des lions [Texte imprimé];Sfar, Joann
793;Livre adulte;35;La divine comédie [Texte imprimé] : L'enfer : texte original;Dante Alighieri
794;Livre jeunesse;35;Barbapapa [Texte imprimé];Tison, Annette
795;Livre adulte;35;Carnet de notes [Texte imprimé] : journal, 1991-2000;Bergounioux, Pierre
796;Livre adulte;35;Fragments d'un discours amoureux [Texte imprimé];Barthes, Roland
797;Livre adulte;35;Romans [Texte imprimé] : récits et soties, oeuvres lyriques;Gide, André
798;DVD tous publics;35;De battre mon coeur s'est arreté [Images animées];Audiard, Jacques
799;Livre jeunesse;35;Le secret de Louise [Texte imprimé];Desplat-Duc, Anne-Marie
800;DVD tous publics;35;2 days in Paris [Images animées];Delpy, Julie
801;Livre adulte;35;Le journal d'Anne Frank [Texte imprimé];Frank, Anne
802;Livre adulte;35;Atlas géopolitique d'Israel [Texte imprimé] : aspects d'une démocratie en guerre;Encel, Frédéric
803;Livre jeunesse;35;La malédiction de l'épouvanteur [Texte imprimé];Delaney, Joseph
804;Livre adulte;35;Jeanne d'Arc [Texte imprimé];Beaune, Colette
805;Livre jeunesse;35;Double meurtre à l'abbaye [Texte imprimé];Mirande, Jacqueline
806;Livre adulte;35;Théâtre complet. 2 [Texte imprimé];Strindberg, August
807;Livre jeunesse;35;Les cairns rouges [Texte imprimé];Vehlmann, Fabien
808;DVD tous publics;35;Le journal d'Anne Franck [Images animées] : [Le grenier];
809;Bande dessinée adulte;35;Une sacrée mamie. 1;Shimada, Yôshichi
810;CD jeunesse;35;Les contes du Soleil-Levant [Enregistrement sonore] : Japon;
811;CD adulte;35;Woodstock 40 [Enregistrement sonore] : 3 days of peace and music;
812;DVD tous publics;35;En analyse. Saison 1,. semaines 1 à 5 [Images animées];
813;Livre adulte;35;L'oeil du temps [Texte imprimé];Clarke, Arthur C.
814;DVD tous publics;35;L'âge de glace 3 [images animées];
815;Livre adulte;35;Birmanie (Myanmar) : 2010-2011;Gloaguen, Philippe
816;Livre adulte;35;Filles de Shanghai;See, Lisa
817;;35;Empereurs des ténèbres;Valle, Ignacio del
818;Nouveauté;35;Naissance d'un pont : roman;Kerangal, Maylis de
819;Usuels;35;Code de commerce 2011;
820;DVD tous publics;35;Mad men. Saison 2. Episodes 1 à 3 [Images animées];Hamm, Jon
821;Livre adulte;35;Afrique de l'Ouest : sans Côte d'Ivoire, ni Sénégal, ni Ghana, ni Cameroun, ni Niger;Gloaguen, Philippe
822;Livre adulte;35;1Q84 [Texte imprimé] : BOOK 1. 4 yue - 6 yue;Murakami, Haruki
823;Livre adulte;35;Le trône de fer : l'intégrale. 4;Martin, George R. R.
824;Bande dessinée adulte;35;La condition des crabes;Pins, Arthur de
825;Livre adulte;35;Portugal : 2011;Gloaguen, Philippe
826;Bande dessinée adulte;35;Est-ce qu'on ment aux gens qu'on aime ?;Trondheim, Lewis
827;Nouveauté;35;Charly 9 : roman;Teulé, Jean
828;;35;L'état de la France 2011-2012 : société, culture, économie, politique, territoires, Union européenne;
829;Bande dessinée adulte;35;Judge. 1;Tonogai, Yoshiki
830;Nouveauté;35;La femme au miroir;Schmitt, Éric-Emmanuel
831;;35;Sotah;Ragen, Naomi
832;Bande dessinée adulte;35;La mort au début du chemin;Trondheim, Lewis
833;Livre jeunesse;35;Le code de la route;Karpati, Tibor
834;;35;Remède mortel;Coben, Harlan
835;CD jeunesse;35;Talk that talk [Enregistrement sonore];Rihanna
836;Livre adulte;35;Le dessous des cartes : Itinéraires géopolitiques;Victor, Jean-Christophe
837;;35;L'empire des crabes;Pins, Arthur de
838;Nouveauté;35;Transsibérien [Texte imprimé];Fernandez, Dominique
839;Nouveauté musique;35;O, devotion [Enregistrement sonore];Green, Liz
840;Livre adulte;35;Iles grecques et Athènes [Texte imprimé] : 2012;Gloaguen, Philippe
841;Livre adulte;35;La dernière conquête du major Pettigrew;Simonson, Helen
842;Livre jeunesse;35;Madame Pamplemousse et ses fabuleux délices;Kingfisher, Rupert
843;Livre adulte;35;A découvert;Coben, Harlan
844;Livre jeunesse;35;Matilda [Texte imprimé];Dahl, Roald
845;Livre adulte;34;L'invention de Paris [Texte imprimé] : il n'y a pas de pas perdus;Hazan, Eric
846;Livre jeunesse;34;Le sorcier de la préhistoire [Texte imprimé];Osborne, Mary Pope
847;CD jeunesse;34;Pierre et le loup [Enregistrement sonore];Prokofiev, Serge
848;Bande dessinée jeunesse;34;Maus [Texte imprimé] : un survivant raconte;Spiegelman, Art
849;Livre adulte;34;Oeuvres en prose complètes. 3 [Texte imprimé];Apollinaire, Guillaume
850;DVD tous publics;34;Le voyage de Chihiro [Images animées];Miyazaki, Hayao
851;Livre jeunesse;34;Un sac de billes [Texte imprimé];Joffo, Joseph
852;Bande dessinée ado;34;Piété filiale [Texte imprimé];Oda, Eiichiro
853;Livre adulte;34;Les quatre accords toltèques [Texte imprimé] : la voie de la liberté personnelle;Ruiz, Miguel
854;Livre jeunesse;34;Toc ! Toc ! Qui est là ? [Texte imprimé];Grindley, Sally
855;DVD tous publics;34;La vie des autres [Images animées];Henckel von Donnersmarck, Florian
856;Bande dessinée jeunesse;34;Ariol [Texte imprimé] : le chevalier cheval;Guibert, Emmanuel
857;Livre jeunesse;34;L'oeil du loup [Texte imprimé];Pennac, Daniel
858;DVD tous publics;34;Mary Poppins [Images animées];Stevenson, Robert
859;Livre adulte;34;La culture générale pour les nuls [Texte imprimé];Braunstein-Silvestre, Florence
860;Livre adulte;34;Le village de l'Allemand ou Le journal des frères Schiller [Texte imprimé] : roman;Sansal, Boualem
861;Livre adulte;34;La peste [Texte imprimé];Camus, Albert
862;Livre adulte;34;Les chiens de garde [Texte imprimé];Nizan, Paul
863;Livre adulte;34;Walden ou La vie dans les bois [Texte imprimé];Thoreau, Henry David
864;Livre adulte;34;Un goût de rouille et d'os [Texte imprimé];Davidson, Craig
865;Livre jeunesse;34;Loup [Texte imprimé];Douzou, Olivier
866;Livre jeunesse;34;Gruffalo [Texte imprimé];Donaldson, Julia
867;Livre adulte;34;Les mots [Texte imprimé];Sartre, Jean-Paul
868;Livre jeunesse;34;Chhht ! [Texte imprimé];Grindley, Sally
869;Livre jeunesse;34;A la mode de chez nous [Texte imprimé];Cazenove
870;Livre adulte;34;Oeuvres. 2 [Texte imprimé];Flaubert, Gustave
871;Livre jeunesse;34;L'enfant Océan [Texte imprimé];Mourlevat, Jean-Claude
872;Livre adulte;34;Le meilleur des mondes [Texte imprimé];Huxley, Aldous
873;Livre adulte;34;De la Renaissance au 18e siècle [Texte imprimé] : les protagonistes de l'art italien : Piero Della Francesca, Botticelli, Léonard de Vinci, Michel-Ange, Raphael, Titien, Le Caravage, Canaletto et les vedutistes;
874;Livre adulte;34;Le FLE sans perdre le fil [Texte imprimé] : méthode de français langue étrangère;Viard, Christine
875;Revue adulte;34;Micro hebdo [texte imprimé] : simplifiez-vous la micro;
876;Revue adulte;34;Le Monde diplomatique [texte imprimé] : journal des cercles diplomatiques et des grandes organisations internationales;
877;Livre adulte;34;Languedoc-Roussillon : 2010;Gloaguen, Philippe
878;Livre jeunesse;34;Nuit étoilée;Hunter, Erin
879;Livre sonore adulte;34;Un monde sans fin [enregistrement sonore];Follett, Ken
880;Livre jeunesse;34;La forêt des égarés;Plichota, Anne
881;Bande dessinée jeunesse;34;Marie-Lune. 2. Au secours, j'ai perdu ma meilleure amie !;Douyé, Sylvia
882;Bande dessinée jeunesse;34;Akissi. 1. Attaque de chats;Abouet, Marguerite
883;Nouveauté;34;Qu'as-tu fait de tes frères ? : roman;Arnaud, Claude
884;Livre adulte;34;Italie du Nord : 2011 : sans la Toscane et l'Ombrie, lacs italiens, Venise et Rome;Gloaguen, Philippe
885;Livre adulte;34;Comment gagner sa vie honnêtement;Rouaud, Jean
886;Nouveauté;34;Françoise;Adler, Laure
887;Nouveauté;34;Alex : roman;Lemaitre, Pierre
888;Bande dessinée adulte;34;Anomalies quantiques;Léo
889;Livre adulte;34;New York City : le guide;Otis, Ginger Adams
890;Livre adulte;34;Istanbul : 2011-2012;Gloaguen, Philippe
891;Livre ado;34;Crescendo : roman;Fitzpatrick, Becca
892;Livre adulte;34;Pologne : 2011-2012;Gloaguen, Philippe
893;CD adulte;34;Yom and The Wonder Rabbis - With love [Enregistrement sonore];Yom
894;Livre adulte;34;Marie Blanche;Fergus, Jim
895;Livre en langue étrangère;34;Freedom [Texte imprimé];Franzen, Jonathan
896;Livre adulte;34;Apprends-moi à faire seul : la pédagogie Montessori expliquée aux parents;Poussin, Charlotte
897;Livre adulte;34;Cambodge 2012 : + extensions Laos;Gloaguen, Philippe
898;DVD < 13 ans;34;Le roi lion [Images animées];
899;DVD tous publics;34;Mystères de Lisbonne [Images animées];
900;;34;Halo : l'amour interdit;Adornetto, Alexandra
901;Livre jeunesse;34;Le réveil;Pavlenko, Marie
902;Livre jeunesse;34;Nouveau monde;Robillard, Anne
903;Nouveauté musique;34;Drive [Enregistrement sonore] : original motion picture score;
904;Nouveauté;34;Belle famille;Dreyfus, Arthur
905;Nouveauté;34;Vie animale [Texte imprimé];Torres, Justin
906;Livre adulte;34;Arab jazz;Hamy, Viviane
907;DVD tous publics;34;Les marches du pouvoir [Images animées];
908;Bande dessinée jeunesse;34;Chi, une vie de chat. 7;Konami, Kanata
909;Nouveauté;34;Rétrospective : roman;Yehoshua, Avraham B.
910;DVD tous publics;34;Les dix commandements [Images animées];DeMille, Cecil Blount
911;Livre jeunesse;33;La chenille qui fait des trous [Texte imprimé];Carle, Eric
912;Livre adulte;33;Les Misérables. 1 [Texte imprimé];Hugo, Victor
913;Livre adulte;33;La domination masculine [Texte imprimé];Bourdieu, Pierre
914;Livre adulte;33;Anna Karénine [Texte imprimé];Tolstoj, Lev Nikolaevic
915;Bande dessinée ado;33;A l'aube d'une grande aventure [Texte imprimé];Oda, Eiichiro
916;Bande dessinée ado;33;Naruto. 6 [Texte imprimé];Kishimito, Masashi
917;Livre jeunesse;33;Piège au royaume des ombres [Texte imprimé];Robillard, Anne
918;Livre jeunesse;33;Kirikou et les betes sauvages [Texte imprimé];
919;Bande dessinée adulte;33;Shenzhen [Texte imprimé];Delisle, Guy
920;Livre adulte;33;Romans [Texte imprimé];Bulgakov, Mihaïl Afanas'evic
921;Livre jeunesse;33;Le voyage de l'escargot [Texte imprimé];Brown, Ruth
922;Livre adulte;33;Théâtre complet [Texte imprimé];Goethe, Johann Wolfgang von
923;Livre jeunesse;33;La princesse au petit pois [Texte imprimé];Andersen, Hans Christian
924;Livre adulte;33;Romans. 1 [Texte imprimé];Céline, Louis-Ferdinand
925;Livre sonore adulte;33;Les Misérables [Enregistrement sonore] : raconté aux enfants, d'après l'oeuvre de Victor Hugo;Hugo, Victor
926;Livre jeunesse;33;La soupe aux cailloux [Texte imprimé];Muth, Jon J.
927;Livre adulte;33;Oeuvres complètes. 1 [Texte imprimé];Gracq, Julien
928;DVD >  12 ans;33;Sweeney Todd [Images animées] : le diabolique barbier de Fleet street = Sweeney Todd, The Demon Barber of Fleet Street;Burton, Tim
929;Livre ado;33;Une bouteille dans la mer de Gaza [Texte imprimé];Zenatti, Valérie
930;Usuels;33;Dictionnaire critique et documentaire des peintres, sculpteurs, dessinateurs et graveurs de tous les temps et de tous les pays [Texte imprimé];Bénézit, Emmanuel
931;Livre adulte;33;Les Misérables. 1 [Texte imprimé];Hugo, Victor
932;Livre jeunesse;33;La chenille qui fait des trous [Texte imprimé];Carle, Eric
933;Livre jeunesse;33;Le roman de Renart. 2. Sur les chemins;Heitz, Bruno
934;Revue adulte;33;Psychologies [magazine] [texte imprimé] : comprendre, savoir, agir dans le monde d'aujourd'hui;
935;Livre adulte;33;Iles grecques et Athènes : sans la Crète et les îles Ioniennes : 2009;Gloaguen, Philippe
936;Livre adulte;33;Green architecture now !;Jodidio, Philip
937;Livre adulte;33;Romans et récits : oeuvres lyriques et dramatiques. II [texte imprimé];Gide, André
938;DVD < 13 ans;33;Madagascar. 2 [Images animées];
939;Livre ado;33;Le feu dans le ciel [Texte imprimé];Robillard, Anne
940;Usuels;33;Code de procédure pénale : édition 2010;
941;Bande dessinée adulte;33;H.P.. 1. L'asile d'aliénés [Texte imprimé] : de 1968 à 1973, souvenirs d'infirmiers;Mandel, Lisa
942;Nouveauté;33;La première nuit [Texte imprimé] : roman;Levy, Marc
943;Livre adulte;33;Monténégro;Leprisé, Hélène
944;Livre adulte;33;Aquitaine : Bordelais, Landes, Béarn, Lot-et-Garonne;
945;DVD tous publics;33;Le ruban blanc [Images animées];
946;Livre jeunesse;33;Premiers printemps;Crausaz, Anne
947;Livre jeunesse;33;Les limites obscures de la magie;Bottero, Pierre
948;Livre jeunesse;33;Le mondial des records 2011;
949;Livre adulte;33;Réunion, Maurice et Rodrigues;Carillet, Jean-Bernard
950;DVD tous publics;33;Tournée [Images animées];
951;Livre ado;33;La porte d'Orphée [Texte imprimé];Van Hamme, Jean
952;Livre adulte;33;La gifle;Tsiolkas, Christos
953;Livre jeunesse;33;Terrienne;Mourlevat, Jean-Claude
954;Livre adulte;33;Venise : Padoue, Vicence, Vérone;
955;Livre adulte;33;Dôme. 1;King, Stephen
956;Nouveauté;33;Havre des morts : une enquête de Kay Scarpetta : roman;Cornwell, Patricia
957;Livre adulte;33;Islande : 2011-2012;Gloaguen, Philippe
958;Bande dessinée jeunesse;33;Nura, le seigneur des Yôkai. 1;Shiibashi, Hiroshi
959;Livre adulte;33;Berlin : le guide;Schulte-Peevers, Andrea
960;DVD tous publics;33;True Grit [Images animées];
961;Bande dessinée jeunesse;33;Chi, une vie de chat. 4;Konami, K.
962;Livre adulte;33;Rêves de gloire;Wagner, Roland C.
963;Livre adulte;33;Danemark, Suède : 2011-2012;Gloaguen, Philippe
964;Nouveauté;33;Le héron de Guernica;Choplin, Antoine
965;Bande dessinée jeunesse;33;Chi, une vie de chat. 6;Konami, Kanata
966;Nouveauté;33;Le chemin de l'espérance;Hessel, Stéphane
967;Nouveauté;33;J'ai réussi à rester en vie : récit;Oates, Joyce Carol
968;;33;Diagnostic [Enregistrement sonore];Maalouf, Ibrahim
969;Livre adulte;33;Jésus;Petitfils, Jean-Christian
970;DVD tous publics;33;X-Men - Le Commencement [Images animées];
971;DVD tous publics;33;La planète des singes : les origines [Images animées];
972;Nouveauté;33;Juste après dresseuse d'ours : les histoires brutes et non romancées d'une jeune généraliste;Jaddo
973;Livre adulte;33;Rose et la princesse disparue [Texte imprimé];Webb, Holly
974;Nouveauté;33;Ce qu'il faut expier [Texte imprimé];Lönnaeus, Olle
975;Livre jeunesse;33;Capitaine Massacrabord;Peake, Mervyn
976;Livre adulte;33;Barcelone : 2012;Gloaguen, Philippe
977;Livre adulte;33;A la trace;Meyer, Deon
978;Livre adulte;33;Corse : 2012;Gloaguen, Philippe
979;DVD tous publics;33;Game of Thrones [Images animées];
980;Nouveauté;33;Fukushima : récit d'un désastre;Ferrier, Michael
981;;33;Oksa Pollock. 4. Les liens maudits;Plichota, Anne
982;Bande dessinée adulte;33;Daytripper : au jour le jour;Bá, Gabriel
983;Nouveauté;33;Combien ?;Kennedy, Douglas
984;Bande dessinée adulte;33;Blast. 3;Larcenet, Manu
985;Nouveauté;33;La déesse des petites victoires [Texte imprimé];Grannec, Yannick
986;Livre adulte;33;Kaïken : roman;Grangé, Jean-Christophe
987;Bande dessinée adulte;33;Pizza roadtrip;Eldiablo
988;DVD < 13 ans;32;Azur et Asmar [Images animées];Ocelot, Michel
989;Livre Fonds spécialisés;32;Les fleurs du mal [Texte imprimé] : édition de 1861;Baudelaire, Charles
990;Bande dessinée jeunesse;32;Main du futur [Texte imprimé];Sobral, Patrick
991;Livre adulte;32;Paris secret et insolite [Texte imprimé];Trouilleux, Rodolphe
992;Bande dessinée ado;32;Le mystère de l'île étrange [Texte imprimé];Ayroles, Alain
993;Livre Fonds spécialisés;32;Alcools [Texte imprimé];Apollinaire, Guillaume
994;DVD tous publics;32;Casino royale [Images animées];
995;Livre jeunesse;32;Petit-Bleu et Petit-Jaune [Texte imprimé] : une histoire pour Pippo, Ann et tous les enfants;Lionni, Leo
996;Livre jeunesse;32;La sorcière de la rue Mouffetard et autres contes de la rue Broca [Texte imprimé];Gripari, Pierre
997;Livre adulte;32;Belle du Seigneur [Texte imprimé];Cohen, Albert
998;Livre adulte;32;Théâtre pour rire [Texte imprimé];
999;Bande dessinée adulte;32;L'exode [Texte imprimé];Sfar, Joann
1000;Livre ado;32;Lettres de l'intérieur [Texte imprimé];Marsden, John
